{
  "engravingDetail": [
    {
      "xAxisValue": 142,
      "yAxisValue": 235,
      "maxCharecter": 9,
      "id": 1
    },
    {
      "xAxisValue": 142,
      "yAxisValue": 235,
      "maxCharecter": 9,
      "id": 2
    },
    {
      "xAxisValue": 132,
      "yAxisValue": 195,
      "maxCharecter": 8,
      "id": 3
    }
  ],
  "engravingDetail1": [
    {
      "xAxisValue": 70,
      "yAxisValue": 120,
      "maxCharecter": 5,
      "id": 1
    },
    {
      "xAxisValue": 70,
      "yAxisValue": 250,
      "maxCharecter": 9,
      "id": 2
    },
    {
      "xAxisValue": 35,
      "yAxisValue": 105,
      "maxCharecter": 9,
      "id": 3
    },
    {
      "xAxisValue": 70,
      "yAxisValue": 115,
      "maxCharecter": 8,
      "id": 4
    }
  ],
  "engravingDetail2": [
    {
      "xAxisValue": 127,
      "yAxisValue": 265,
      "maxCharecter": 8,
      "id": 1
    },
    {
      "xAxisValue": 172,
      "yAxisValue": 215,
      "maxCharecter": 7,
      "id": 2
    }
  ],
  "engravingDetail5": [
    {
      "xAxisValue": 82,
      "yAxisValue": 310,
      "maxCharecter": 9,
      "id": 1
    },
    {
      "xAxisValue": 97,
      "yAxisValue": 280,
      "maxCharecter": 5,
      "id": 2
    },
    {
      "xAxisValue": 92,
      "yAxisValue": 310,
      "maxCharecter": 5,
      "id": 3
    }
  ],
  "engravingDetail3": [
    {
      "xAxisValue": 70,
      "yAxisValue": 250,
      "maxCharecter": 7,
      "id": 1
    },
    {
      "xAxisValue": 70,
      "yAxisValue": 250,
      "maxCharecter": 9,
      "id": 2
    },
    {
      "xAxisValue": 150,
      "yAxisValue": 75,
      "maxCharecter": 9,
      "id": 3
    },
    {
      "xAxisValue": 170,
      "yAxisValue": 55,
      "maxCharecter": 6,
      "id": 4
    }
  ]
}